{"number_episodes": 11, "episode_rewards": [805.5999999999775, 854.8999999999754, 775.0999999999665, 829.1999999999676, 820.2999999999723, 741.2999999999535, 811.8999999999643, 865.0999999999768, 882.8999999999859, 846.5999999999682, 868.7999999999766], "mean_all_episodes": 827.4272727272441, "std_all_episodes": 40.74089058046975}