{"number_episodes": 2, "episode_rewards": [805.5999999999775, 854.8999999999754], "mean_all_episodes": 830.2499999999765, "std_all_episodes": 24.649999999998954}