{"number_episodes": 20, "episode_rewards": [805.5999999999775, 854.8999999999754, 775.0999999999665, 829.1999999999676, 820.2999999999723, 741.2999999999535, 811.8999999999643, 865.0999999999768, 882.8999999999859, 846.5999999999682, 868.7999999999766, 719.0999999999539, 839.4999999999658, 897.4999999999885, 825.6999999999703, 845.499999999977, 772.6999999999706, 907.3999999999903, 795.0999999999547, 880.3999999999807], "mean_all_episodes": 829.2299999999717, "std_all_episodes": 49.27232590411046}