{"number_episodes": 8, "episode_rewards": [805.5999999999775, 854.8999999999754, 775.0999999999665, 829.1999999999676, 820.2999999999723, 741.2999999999535, 811.8999999999643, 865.0999999999768], "mean_all_episodes": 812.9249999999693, "std_all_episodes": 37.78057536619126}