{"number_episodes": 5, "episode_rewards": [805.5999999999775, 854.8999999999754, 775.0999999999665, 829.1999999999676, 820.2999999999723], "mean_all_episodes": 817.0199999999719, "std_all_episodes": 26.388285279648205}