{"episode_rewards": [35.39322033898596, 852.3691699604616, 341.99653179189164, 809.1959731543457, 126.33721682848386, 855.3555555555379, 840.7836065573624, 524.4056782334212, 851.524137931018, 435.40371517027324], "mean": 567.2764805521781, "std": 304.2535026344436}