{"episode_rewards": [303.84040404038706, 261.2864864864701, 306.3934065933895, 390.12258064514623, 214.86849315068008, 56.984668989547714, 541.0698412698259, 670.141423948205, 17.501661129569243, 647.7338842975059], "mean": 340.9942850550726, "std": 213.31161673945533}