{"0": {"config_id": [0, 0, 0], "budget": 6, "loss": 0.08869999647140503, "time_stamps": "0.0005528926849365234 (submitted), 0.0006005764007568359 (started), 47.33904242515564 (finished)\n", "info": {}}, "1": {"config_id": [1, 0, 0], "budget": 6, "loss": 0.04509997367858887, "time_stamps": "47.33985233306885 (submitted), 47.33991074562073 (started), 118.40013098716736 (finished)\n", "info": {}}, "2": {"config_id": [2, 0, 0], "budget": 6, "loss": 0.06620001792907715, "time_stamps": "118.40096592903137 (submitted), 118.40102458000183 (started), 195.79955172538757 (finished)\n", "info": {}}, "3": {"config_id": [3, 0, 0], "budget": 6, "loss": 0.09609997272491455, "time_stamps": "195.80094695091248 (submitted), 195.8010377883911 (started), 416.2411735057831 (finished)\n", "info": {}}, "4": {"config_id": [4, 0, 0], "budget": 6, "loss": 0.07620000839233398, "time_stamps": "416.2424740791321 (submitted), 416.24258255958557 (started), 597.1098446846008 (finished)\n", "info": {}}, "5": {"config_id": [5, 0, 0], "budget": 6, "loss": 0.10460001230239868, "time_stamps": "597.1106648445129 (submitted), 597.1107380390167 (started), 798.4100608825684 (finished)\n", "info": {}}, "6": {"config_id": [6, 0, 0], "budget": 6, "loss": 0.1348000168800354, "time_stamps": "798.4109487533569 (submitted), 798.4110786914825 (started), 1110.7948319911957 (finished)\n", "info": {}}, "7": {"config_id": [7, 0, 0], "budget": 6, "loss": 0.01230001449584961, "time_stamps": "1110.7958130836487 (submitted), 1110.7958769798279 (started), 1317.2696838378906 (finished)\n", "info": {}}, "8": {"config_id": [8, 0, 0], "budget": 6, "loss": 0.04890000820159912, "time_stamps": "1317.2719082832336 (submitted), 1317.2720699310303 (started), 1541.7685673236847 (finished)\n", "info": {}}, "9": {"config_id": [9, 0, 0], "budget": 6, "loss": 0.03140002489089966, "time_stamps": "1541.7698709964752 (submitted), 1541.7700085639954 (started), 1648.0702154636383 (finished)\n", "info": {}}, "10": {"config_id": [10, 0, 0], "budget": 6, "loss": 0.04189997911453247, "time_stamps": "1648.0713665485382 (submitted), 1648.0714597702026 (started), 1991.1547389030457 (finished)\n", "info": {}}, "11": {"config_id": [11, 0, 0], "budget": 6, "loss": 0.010900020599365234, "time_stamps": "1991.156278848648 (submitted), 1991.156411409378 (started), 2112.849526643753 (finished)\n", "info": {}}, "12": {"config_id": [12, 0, 0], "budget": 6, "loss": 0.12870001792907715, "time_stamps": "2112.851632118225 (submitted), 2112.851806163788 (started), 2448.95964384079 (finished)\n", "info": {}}, "13": {"config_id": [13, 0, 0], "budget": 6, "loss": 0.0853000283241272, "time_stamps": "2448.9606215953827 (submitted), 2448.9607236385345 (started), 2844.824910879135 (finished)\n", "info": {}}, "14": {"config_id": [14, 0, 0], "budget": 6, "loss": 0.0835999846458435, "time_stamps": "2844.8257875442505 (submitted), 2844.825913667679 (started), 2930.7239549160004 (finished)\n", "info": {}}, "15": {"config_id": [15, 0, 0], "budget": 6, "loss": 0.04280000925064087, "time_stamps": "2930.7252678871155 (submitted), 2930.725356578827 (started), 3163.9982817173004 (finished)\n", "info": {}}, "16": {"config_id": [16, 0, 0], "budget": 6, "loss": 0.031099975109100342, "time_stamps": "3163.9994962215424 (submitted), 3163.999564409256 (started), 3447.0651779174805 (finished)\n", "info": {}}, "17": {"config_id": [17, 0, 0], "budget": 6, "loss": 0.07099997997283936, "time_stamps": "3447.0660741329193 (submitted), 3447.066134929657 (started), 3797.338219165802 (finished)\n", "info": {}}, "18": {"config_id": [18, 0, 0], "budget": 6, "loss": 0.009999990463256836, "time_stamps": "3797.340497493744 (submitted), 3797.340662956238 (started), 3931.7283506393433 (finished)\n", "info": {}}, "19": {"config_id": [19, 0, 0], "budget": 6, "loss": 0.07400000095367432, "time_stamps": "3931.7294223308563 (submitted), 3931.729552268982 (started), 4060.6416952610016 (finished)\n", "info": {}}, "20": {"config_id": [20, 0, 0], "budget": 6, "loss": 0.017400026321411133, "time_stamps": "4060.6431329250336 (submitted), 4060.643215894699 (started), 4502.685225248337 (finished)\n", "info": {}}, "21": {"config_id": [21, 0, 0], "budget": 6, "loss": 0.013499975204467773, "time_stamps": "4502.686817169189 (submitted), 4502.686951160431 (started), 4626.639290094376 (finished)\n", "info": {}}, "22": {"config_id": [22, 0, 0], "budget": 6, "loss": 0.055599987506866455, "time_stamps": "4626.640582561493 (submitted), 4626.640759468079 (started), 5042.810659408569 (finished)\n", "info": {}}, "23": {"config_id": [23, 0, 0], "budget": 6, "loss": 0.036400020122528076, "time_stamps": "5042.811538696289 (submitted), 5042.811623096466 (started), 5506.117152690887 (finished)\n", "info": {}}, "24": {"config_id": [24, 0, 0], "budget": 6, "loss": 0.08160001039505005, "time_stamps": "5506.119774341583 (submitted), 5506.119952917099 (started), 5609.611181020737 (finished)\n", "info": {}}, "25": {"config_id": [25, 0, 0], "budget": 6, "loss": 0.07990002632141113, "time_stamps": "5609.612125635147 (submitted), 5609.612222194672 (started), 5669.337681293488 (finished)\n", "info": {}}, "26": {"config_id": [26, 0, 0], "budget": 6, "loss": 0.026099979877471924, "time_stamps": "5669.338709831238 (submitted), 5669.338772058487 (started), 6064.344398260117 (finished)\n", "info": {}}, "27": {"config_id": [27, 0, 0], "budget": 6, "loss": 0.01380002498626709, "time_stamps": "6064.345542669296 (submitted), 6064.345627784729 (started), 6134.513299942017 (finished)\n", "info": {}}, "28": {"config_id": [28, 0, 0], "budget": 6, "loss": 0.14560002088546753, "time_stamps": "6134.514313697815 (submitted), 6134.514382362366 (started), 6206.521238565445 (finished)\n", "info": {}}, "29": {"config_id": [29, 0, 0], "budget": 6, "loss": 0.014999985694885254, "time_stamps": "6206.522114515305 (submitted), 6206.522182703018 (started), 6352.404388427734 (finished)\n", "info": {}}, "30": {"config_id": [30, 0, 0], "budget": 6, "loss": 0.08520001173019409, "time_stamps": "6352.405447006226 (submitted), 6352.4055762290955 (started), 6464.503189086914 (finished)\n", "info": {}}, "31": {"config_id": [31, 0, 0], "budget": 6, "loss": 0.07209998369216919, "time_stamps": "6464.504647731781 (submitted), 6464.504746437073 (started), 6628.106417417526 (finished)\n", "info": {}}, "32": {"config_id": [32, 0, 0], "budget": 6, "loss": 0.05190002918243408, "time_stamps": "6628.107716083527 (submitted), 6628.107895374298 (started), 6953.712734222412 (finished)\n", "info": {}}, "33": {"config_id": [33, 0, 0], "budget": 6, "loss": 0.010399997234344482, "time_stamps": "6953.714234113693 (submitted), 6953.714334487915 (started), 7298.442663431168 (finished)\n", "info": {}}, "34": {"config_id": [34, 0, 0], "budget": 6, "loss": 0.03560000658035278, "time_stamps": "7298.445373535156 (submitted), 7298.445534944534 (started), 7555.950834035873 (finished)\n", "info": {}}, "35": {"config_id": [35, 0, 0], "budget": 6, "loss": 0.015999972820281982, "time_stamps": "7555.952210903168 (submitted), 7555.952313661575 (started), 8051.053680419922 (finished)\n", "info": {}}, "36": {"config_id": [36, 0, 0], "budget": 6, "loss": 0.08190000057220459, "time_stamps": "8051.05650806427 (submitted), 8051.056716680527 (started), 8159.008347988129 (finished)\n", "info": {}}, "37": {"config_id": [37, 0, 0], "budget": 6, "loss": 0.025799989700317383, "time_stamps": "8159.009927749634 (submitted), 8159.01003074646 (started), 8401.729202747345 (finished)\n", "info": {}}, "38": {"config_id": [38, 0, 0], "budget": 6, "loss": 0.023299992084503174, "time_stamps": "8401.731182336807 (submitted), 8401.731360673904 (started), 8664.836636066437 (finished)\n", "info": {}}, "39": {"config_id": [39, 0, 0], "budget": 6, "loss": 0.04100000858306885, "time_stamps": "8664.837504148483 (submitted), 8664.837558746338 (started), 8846.80383181572 (finished)\n", "info": {}}, "40": {"config_id": [40, 0, 0], "budget": 6, "loss": 0.011600017547607422,