{"0": {"config_id": [0, 0, 0], "budget": 2, "loss": 0.07660001516342163, "time_stamps": "0.0029616355895996094 (submitted), 0.003026723861694336 (started), 85.38426327705383 (finished)\n", "info": {}}, "1": {"config_id": [1, 0, 0], "budget": 2, "loss": 0.02460002899169922, "time_stamps": "85.38521122932434 (submitted), 85.38526916503906 (started), 130.69597673416138 (finished)\n", "info": {}}, "2": {"config_id": [2, 0, 0], "budget": 2, "loss": 0.04780000448226929, "time_stamps": "130.69742965698242 (submitted), 130.69752407073975 (started), 147.07105612754822 (finished)\n", "info": {}}, "3": {"config_id": [3, 0, 0], "budget": 2, "loss": 0.44739997386932373, "time_stamps": "147.07204508781433 (submitted), 147.07210993766785 (started), 267.60746335983276 (finished)\n", "info": {}}, "4": {"config_id": [4, 0, 0], "budget": 2, "loss": 0.27640002965927124, "time_stamps": "267.6087715625763 (submitted), 267.60885548591614 (started), 344.10556626319885 (finished)\n", "info": {}}}