{"lr": 0.0549155222931937, "num_filters": 17, "batch_size": 44, "filter_size": 3, "learning_curve": ["0.8138999938964844", "0.8863999843597412", "0.9074000120162964", "0.9110000133514404", "0.9229000210762024", "0.9253000020980835", "0.9312000274658203", "0.9337999820709229", "0.9415000081062317", "0.9399999976158142", "0.9435999989509583", "0.9480000138282776"], "test_error": 0.053799986839294434}