{"lr": 0.005127686668560423, "num_filters": 13, "batch_size": 21, "filter_size": 5, "learning_curve": ["0.6324999928474426", "0.864300012588501", "0.8978000283241272", "0.9120000004768372", "0.9168999791145325", "0.92330002784729", "0.9258999824523926", "0.9253000020980835", "0.9312999844551086", "0.9377999901771545", "0.9394000172615051", "0.9408000111579895"], "test_error": 0.05870002508163452}