{"lr": 0.001, "num_filters": 16, "batch_size": 128, "filter_size": 3, "learning_curve": ["0.6708999872207642", "0.8607000112533569", "0.8910999894142151", "0.9020000100135803", "0.9121000170707703", "0.9190999865531921", "0.921500027179718", "0.9248999953269958", "0.9276999831199646", "0.9330000281333923", "0.9348000288009644", "0.9377999901771545"], "test_error": 0.06379997730255127}