{"lr": 0.001, "num_filters": 16, "batch_size": 128, "filter_size": 1, "learning_curve": ["0.7821999788284302", "0.8472999930381775", "0.871999979019165", "0.8863000273704529", "0.8956999778747559", "0.8984000086784363", "0.9045000076293945", "0.9072999954223633", "0.9090999960899353", "0.911300003528595", "0.9154000282287598", "0.9168999791145325"], "test_error": 0.08170002698898315}