{"lr": 0.001, "num_filters": 16, "batch_size": 128, "filter_size": 7, "learning_curve": ["0.7883999943733215", "0.8870000243186951", "0.9128000140190125", "0.9210000038146973", "0.9266999959945679", "0.9275000095367432", "0.9376000165939331", "0.9424999952316284", "0.947700023651123", "0.9484000205993652", "0.9520999789237976", "0.9538999795913696"], "test_error": 0.047500014305114746}