{"lr": 0.001, "num_filters": 16, "batch_size": 128, "filter_size": 3, "learning_curve": ["0.7854999899864197", "0.8715999722480774", "0.8978999853134155", "0.9088000059127808", "0.9146000146865845", "0.9212999939918518", "0.9269000291824341", "0.9276000261306763", "0.934499979019165", "0.9344000220298767", "0.9380999803543091", "0.9419000148773193"], "test_error": 0.0626000165939331}