{"lr": 0.001, "num_filters": 16, "batch_size": 128, "filter_size": 3, "learning_curve": ["0.8080999851226807", "0.8762000203132629", "0.9027000069618225", "0.9100000262260437", "0.9182999730110168", "0.9223999977111816", "0.9262999892234802", "0.9309999942779541", "0.9343000054359436", "0.9388999938964844", "0.9416999816894531", "0.9440000057220459"], "test_error": 0.05620002746582031}