{"lr": 0.001, "num_filters": 16, "batch_size": 8, "filter_size": 3, "learning_curve": ["0.9350000023841858", "0.9559000134468079", "0.9624999761581421", "0.9732000231742859", "0.9747999906539917", "0.9782000184059143", "0.9761000275611877", "0.9768000245094299", "0.9814000129699707", "0.9810000061988831", "0.9828000068664551", "0.9832000136375427"], "test_error": 0.015600025653839111}