{"lr": 0.0549155222931937, "num_filters": 17, "batch_size": 44, "filter_size": 3, "learning_curve": ["0.9804999828338623", "0.9839000105857849", "0.9868000149726868", "0.9876000285148621", "0.9887999892234802", "0.9866999983787537", "0.9902999997138977", "0.9868999719619751", "0.9898999929428101", "0.989799976348877", "0.9886000156402588", "0.989300012588501"], "test_error": 0.00959998369216919}