{"lr": 0.0001, "num_filters": 16, "batch_size": 128, "filter_size": 3, "learning_curve": ["0.10559999942779541", "0.11919999867677689", "0.1446000039577484", "0.18569999933242798", "0.23759999871253967", "0.3098999857902527", "0.39239999651908875", "0.47350001335144043", "0.546999990940094", "0.6044999957084656", "0.6496999859809875", "0.6901999711990356"], "test_error": 0.3208000063896179}