{"lr": 0.001, "num_filters": 16, "batch_size": 32, "filter_size": 3, "learning_curve": ["0.9021999835968018", "0.9269999861717224", "0.9370999932289124", "0.9438999891281128", "0.9469000101089478", "0.9549999833106995", "0.9588000178337097", "0.9567999839782715", "0.9603999853134155", "0.9660999774932861", "0.9634000062942505", "0.968999981880188"], "test_error": 0.031899988651275635}