{"lr": 0.1, "num_filters": 16, "batch_size": 128, "filter_size": 3, "learning_curve": ["0.9621000289916992", "0.9803000092506409", "0.9822999835014343", "0.9833999872207642", "0.9861999750137329", "0.9871000051498413", "0.9876999855041504", "0.9879999756813049", "0.9872000217437744", "0.9887999892234802", "0.9868999719619751", "0.984000027179718"], "test_error": 0.017099976539611816}