{"lr": 0.001, "num_filters": 16, "batch_size": 128, "filter_size": 5, "learning_curve": ["0.7522000074386597", "0.8824999928474426", "0.9018999934196472", "0.9157999753952026", "0.9240999817848206", "0.9272000193595886", "0.9318000078201294", "0.9370999932289124", "0.9402999877929688", "0.9437999725341797", "0.9463000297546387", "0.9470999836921692"], "test_error": 0.052799999713897705}