{"lr": 0.001, "num_filters": 16, "batch_size": 64, "filter_size": 3, "learning_curve": ["0.8777999877929688", "0.9111999869346619", "0.9212999939918518", "0.9277999997138977", "0.9312000274658203", "0.9362000226974487", "0.9452000260353088", "0.9466000199317932", "0.9452999830245972", "0.9524000287055969", "0.9520999789237976", "0.951200008392334"], "test_error": 0.050999999046325684}