{"lr": 0.001, "num_filters": 16, "batch_size": 16, "filter_size": 3, "learning_curve": ["0.9101999998092651", "0.9447000026702881", "0.9495999813079834", "0.9537000060081482", "0.958899974822998", "0.9624000191688538", "0.9596999883651733", "0.9570000171661377", "0.9596999883651733", "0.9614999890327454", "0.967199981212616", "0.9717000126838684"], "test_error": 0.029799997806549072}