{"lr": 0.01, "num_filters": 16, "batch_size": 128, "filter_size": 3, "learning_curve": ["0.9047999978065491", "0.9455999732017517", "0.9523000121116638", "0.9390000104904175", "0.9563000202178955", "0.9613000154495239", "0.9674999713897705", "0.9350000023841858", "0.9700999855995178", "0.958299994468689", "0.9692999720573425", "0.9684000015258789"], "test_error": 0.030900001525878906}