{"episode_rewards": [1002.0, 387.0, 387.0, 1002.0, 293.0, 348.0, 1002.0, 427.0, 1002.0, 330.0, 383.0, 287.0, 422.0, 312.0, 382.0], "mean": 531.0666666666667, "std": 286.78318562209245}