{"episode_rewards": [1002.0, 335.0, 1002.0, 1002.0, 1002.0, 1002.0, 1002.0, 1002.0, 1002.0, 1002.0, 1002.0, 1002.0, 1002.0, 1002.0, 1002.0], "mean": 957.5333333333333, "std": 166.37903179854797}