{"episode_rewards": [-111.0, -111.0, -112.0, -111.0, -112.0, -111.0, -113.0, -111.0, -111.0, -113.0, -112.0, -112.0, -111.0, -112.0, -112.0], "mean": -111.66666666666667, "std": 0.6992058987801011}